asset_url,asset_type,path,filename
https://fonts.googleapis.com/css2?family=Fira+Sans:wght@400;700&display=swap,css,/css2,css2
https://iecho.ru/css/main.iechomin.css?v=1771448715,css,/css/main.iechomin.css,main.iechomin.css
https://iecho.ru/filter-script.js,js,/filter-script.js,filter-script.js
https://iecho.ru/gallery-optimized.js,js,/gallery-optimized.js,gallery-optimized.js
https://iecho.ru/img/Automatic,image,/img/Automatic,Automatic
https://iecho.ru/img/Cutting,image,/img/Cutting,Cutting
https://iecho.ru/img/Exclusive_Distribution.jpg,image,/img/Exclusive_Distribution.jpg,Exclusive_Distribution.jpg
https://iecho.ru/img/IECHO,image,/img/IECHO,IECHO
https://iecho.ru/img/Material,image,/img/Material,Material
https://iecho.ru/img/Production,image,/img/Production,Production
https://iecho.ru/img/Punch.png,image,/img/Punch.png,Punch.png
https://iecho.ru/img/SVG/materials-circle.svg,image,/img/SVG/materials-circle.svg,materials-circle.svg
https://iecho.ru/img/SVG/middle-circle.svg,image,/img/SVG/middle-circle.svg,middle-circle.svg
https://iecho.ru/img/SVG/semicircle.svg,image,/img/SVG/semicircle.svg,semicircle.svg
https://iecho.ru/img/arrrower.svg,image,/img/arrrower.svg,arrrower.svg
https://iecho.ru/img/automatic-feed-2.jpg,image,/img/automatic-feed-2.jpg,automatic-feed-2.jpg
https://iecho.ru/img/automatic-feed.gif,image,/img/automatic-feed.gif,automatic-feed.gif
https://iecho.ru/img/complexes-collage.jpg,image,/img/complexes-collage.jpg,complexes-collage.jpg
https://iecho.ru/img/demozal/101.jpg,image,/img/demozal/101.jpg,101.jpg
https://iecho.ru/img/demozal/102.jpg,image,/img/demozal/102.jpg,102.jpg
https://iecho.ru/img/demozal/103.jpg,image,/img/demozal/103.jpg,103.jpg
https://iecho.ru/img/demozal/104.jpg,image,/img/demozal/104.jpg,104.jpg
https://iecho.ru/img/gls/gls-top-image.jpg,image,/img/gls/gls-top-image.jpg,gls-top-image.jpg
https://iecho.ru/img/glsc-1.jpg,image,/img/glsc-1.jpg,glsc-1.jpg
https://iecho.ru/img/glsc-2.jpg,image,/img/glsc-2.jpg,glsc-2.jpg
https://iecho.ru/img/glsc-example.jpg,image,/img/glsc-example.jpg,glsc-example.jpg
https://iecho.ru/img/go-to.svg,image,/img/go-to.svg,go-to.svg
https://iecho.ru/img/iBrightCut.jpg,image,/img/iBrightCut.jpg,iBrightCut.jpg
https://iecho.ru/img/iECHO,image,/img/iECHO,iECHO
https://iecho.ru/img/iECHO-BK-1.png,image,/img/iECHO-BK-1.png,iECHO-BK-1.png
https://iecho.ru/img/iECHO-BK4-!-scaled-to-size,image,/img/iECHO-BK4-!-scaled-to-size,iECHO-BK4-!-scaled-to-size
https://iecho.ru/img/iECHO-GLSC-1.jpg,image,/img/iECHO-GLSC-1.jpg,iECHO-GLSC-1.jpg
https://iecho.ru/img/iECHO-GLSC-1818_.jpg,image,/img/iECHO-GLSC-1818_.jpg,iECHO-GLSC-1818_.jpg
https://iecho.ru/img/iECHO-GLSC-3.jpg,image,/img/iECHO-GLSC-3.jpg,iECHO-GLSC-3.jpg
https://iecho.ru/img/iECHO-GLSC-4.jpg,image,/img/iECHO-GLSC-4.jpg,iECHO-GLSC-4.jpg
https://iecho.ru/img/iECHO-GLSC-5.5.jpg,image,/img/iECHO-GLSC-5.5.jpg,iECHO-GLSC-5.5.jpg
https://iecho.ru/img/iECHO-GLSC-5.6.jpg,image,/img/iECHO-GLSC-5.6.jpg,iECHO-GLSC-5.6.jpg
https://iecho.ru/img/iECHO-GLSC-5.7.jpg,image,/img/iECHO-GLSC-5.7.jpg,iECHO-GLSC-5.7.jpg
https://iecho.ru/img/iECHO-GLSC-56.jpg,image,/img/iECHO-GLSC-56.jpg,iECHO-GLSC-56.jpg
https://iecho.ru/img/iECHO-GLSC-MODEL,image,/img/iECHO-GLSC-MODEL,iECHO-GLSC-MODEL
https://iecho.ru/img/iECHO-PK.png,image,/img/iECHO-PK.png,iECHO-PK.png
https://iecho.ru/img/iECHO-PURPOSE.jpg,image,/img/iECHO-PURPOSE.jpg,iECHO-PURPOSE.jpg
https://iecho.ru/img/iECHO_LCKS.png,image,/img/iECHO_LCKS.png,iECHO_LCKS.png
https://iecho.ru/img/iecho-assembly-2.jpg,image,/img/iecho-assembly-2.jpg,iecho-assembly-2.jpg
https://iecho.ru/img/iecho-assembly.jpg,image,/img/iecho-assembly.jpg,iecho-assembly.jpg
https://iecho.ru/img/iecho-badge.png,image,/img/iecho-badge.png,iecho-badge.png
https://iecho.ru/img/iecho-gls__11.jpg,image,/img/iecho-gls__11.jpg,iecho-gls__11.jpg
https://iecho.ru/img/iecho-gls__22.jpg,image,/img/iecho-gls__22.jpg,iecho-gls__22.jpg
https://iecho.ru/img/iecho-gls__33.jpg,image,/img/iecho-gls__33.jpg,iecho-gls__33.jpg
https://iecho.ru/img/iecho-gls__44.jpg,image,/img/iecho-gls__44.jpg,iecho-gls__44.jpg
https://iecho.ru/img/iecho-gls__497.jpg,image,/img/iecho-gls__497.jpg,iecho-gls__497.jpg
https://iecho.ru/img/iecho-gls__67.jpg,image,/img/iecho-gls__67.jpg,iecho-gls__67.jpg
https://iecho.ru/img/iecho-gls__68.jpg,image,/img/iecho-gls__68.jpg,iecho-gls__68.jpg
https://iecho.ru/img/iecho-gls__71.jpg,image,/img/iecho-gls__71.jpg,iecho-gls__71.jpg
https://iecho.ru/img/iecho-gls__new.jpg,image,/img/iecho-gls__new.jpg,iecho-gls__new.jpg
https://iecho.ru/img/iecho-glsc!.jpg,image,/img/iecho-glsc!.jpg,iecho-glsc!.jpg
https://iecho.ru/img/iecho-plant.jpg,image,/img/iecho-plant.jpg,iecho-plant.jpg
https://iecho.ru/img/iecho_gls_2.jpg,image,/img/iecho_gls_2.jpg,iecho_gls_2.jpg
https://iecho.ru/img/iecho_gls_demozal2.jpg,image,/img/iecho_gls_demozal2.jpg,iecho_gls_demozal2.jpg
https://iecho.ru/img/installations/GLS/collage/1350x907.jpg,image,/img/installations/GLS/collage/1350x907.jpg,1350x907.jpg
https://iecho.ru/img/instruments/EOT-small.jpg,image,/img/instruments/EOT-small.jpg,EOT-small.jpg
https://iecho.ru/img/instruments/EOT.jpg,image,/img/instruments/EOT.jpg,EOT.jpg
https://iecho.ru/img/instruments/KCT-small.jpg,image,/img/instruments/KCT-small.jpg,KCT-small.jpg
https://iecho.ru/img/instruments/KCT.jpg,image,/img/instruments/KCT.jpg,KCT.jpg
https://iecho.ru/img/instruments/PCT-small.jpg,image,/img/instruments/PCT-small.jpg,PCT-small.jpg
https://iecho.ru/img/instruments/PCT.jpg,image,/img/instruments/PCT.jpg,PCT.jpg
https://iecho.ru/img/instruments/POT-small.jpg,image,/img/instruments/POT-small.jpg,POT-small.jpg
https://iecho.ru/img/instruments/POT.jpg,image,/img/instruments/POT.jpg,POT.jpg
https://iecho.ru/img/instruments/PRT-small.jpg,image,/img/instruments/PRT-small.jpg,PRT-small.jpg
https://iecho.ru/img/instruments/PRT.jpg,image,/img/instruments/PRT.jpg,PRT.jpg
https://iecho.ru/img/instruments/PT-small.jpg,image,/img/instruments/PT-small.jpg,PT-small.jpg
https://iecho.ru/img/instruments/PT.jpg,image,/img/instruments/PT.jpg,PT.jpg
https://iecho.ru/img/instruments/Punch-Notch-module-small.jpg,image,/img/instruments/Punch-Notch-module-small.jpg,Punch-Notch-module-small.jpg
https://iecho.ru/img/instruments/RZ-small.jpg,image,/img/instruments/RZ-small.jpg,RZ-small.jpg
https://iecho.ru/img/instruments/RZ.jpg,image,/img/instruments/RZ.jpg,RZ.jpg
https://iecho.ru/img/instruments/UCT-small.jpg,image,/img/instruments/UCT-small.jpg,UCT-small.jpg
https://iecho.ru/img/instruments/UCT.jpg,image,/img/instruments/UCT.jpg,UCT.jpg
https://iecho.ru/img/instruments/UDT-и-PEN-small.jpg,image,/img/instruments/UDT-и-PEN-small.jpg,UDT-и-PEN-small.jpg
https://iecho.ru/img/instruments/UDT-и-PEN.jpg,image,/img/instruments/UDT-и-PEN.jpg,UDT-и-PEN.jpg
https://iecho.ru/img/instruments/V-CUT-small.jpg,image,/img/instruments/V-CUT-small.jpg,V-CUT-small.jpg
https://iecho.ru/img/instruments/V-CUT.jpg,image,/img/instruments/V-CUT.jpg,V-CUT.jpg
https://iecho.ru/img/instruments/СТТ-small.jpg,image,/img/instruments/СТТ-small.jpg,СТТ-small.jpg
https://iecho.ru/img/instruments/СТТ.jpg,image,/img/instruments/СТТ.jpg,СТТ.jpg
https://iecho.ru/img/lcks-application-icons/Car_seats.svg,image,/img/lcks-application-icons/Car_seats.svg,Car_seats.svg
https://iecho.ru/img/lcks-application-icons/bags.svg,image,/img/lcks-application-icons/bags.svg,bags.svg
https://iecho.ru/img/lcks-application-icons/clothes.svg,image,/img/lcks-application-icons/clothes.svg,clothes.svg
https://iecho.ru/img/lcks-application-icons/footwear.svg,image,/img/lcks-application-icons/footwear.svg,footwear.svg
https://iecho.ru/img/lcks-application-icons/hats.svg,image,/img/lcks-application-icons/hats.svg,hats.svg
https://iecho.ru/img/lcks-application-icons/sofa.svg,image,/img/lcks-application-icons/sofa.svg,sofa.svg
https://iecho.ru/img/lcks-application-icons/wallet.svg,image,/img/lcks-application-icons/wallet.svg,wallet.svg
https://iecho.ru/img/lcks-backlight.jpg,image,/img/lcks-backlight.jpg,lcks-backlight.jpg
https://iecho.ru/img/logo.png,image,/img/logo.png,logo.png
https://iecho.ru/img/main-page-small-img/iECHO,image,/img/main-page-small-img/iECHO,iECHO
https://iecho.ru/img/main-page-small-img/iECHO-complexes.png,image,/img/main-page-small-img/iECHO-complexes.png,iECHO-complexes.png
https://iecho.ru/img/mat2.jpg,image,/img/mat2.jpg,mat2.jpg
https://iecho.ru/img/materials/АБС.jpg,image,/img/materials/АБС.jpg,АБС.jpg
https://iecho.ru/img/materials/Акриловое-стекло.jpg,image,/img/materials/Акриловое-стекло.jpg,Акриловое-стекло.jpg
https://iecho.ru/img/materials/Алюминиевый-композит.jpg,image,/img/materials/Алюминиевый-композит.jpg,Алюминиевый-композит.jpg
https://iecho.ru/img/materials/Вертикально-гофрированный-картон.jpg,image,/img/materials/Вертикально-гофрированный-картон.jpg,Вертикально-гофрированный-картон.jpg
https://iecho.ru/img/materials/Виниловые-наклейки.jpg,image,/img/materials/Виниловые-наклейки.jpg,Виниловые-наклейки.jpg
https://iecho.ru/img/materials/Гофрированный-картон.jpg,image,/img/materials/Гофрированный-картон.jpg,Гофрированный-картон.jpg
https://iecho.ru/img/materials/Гофрированный-пластик.jpg,image,/img/materials/Гофрированный-пластик.jpg,Гофрированный-пластик.jpg
https://iecho.ru/img/materials/Картон.jpg,image,/img/materials/Картон.jpg,Картон.jpg
https://iecho.ru/img/materials/Магнитный-винил.jpg,image,/img/materials/Магнитный-винил.jpg,Магнитный-винил.jpg
https://iecho.ru/img/materials/Макулатурный-картон.jpg,image,/img/materials/Макулатурный-картон.jpg,Макулатурный-картон.jpg
https://iecho.ru/img/materials/Мягкое-стекло.jpg,image,/img/materials/Мягкое-стекло.jpg,Мягкое-стекло.jpg
https://iecho.ru/img/materials/Панели-МДФ.jpg,image,/img/materials/Панели-МДФ.jpg,Панели-МДФ.jpg
https://iecho.ru/img/materials/Пенокартон.jpg,image,/img/materials/Пенокартон.jpg,Пенокартон.jpg
https://iecho.ru/img/materials/Пенопласт.jpg,image,/img/materials/Пенопласт.jpg,Пенопласт.jpg
https://iecho.ru/img/materials/Пластики.jpg,image,/img/materials/Пластики.jpg,Пластики.jpg
https://iecho.ru/img/materials/Световозвращающие-пленки.jpg,image,/img/materials/Световозвращающие-пленки.jpg,Световозвращающие-пленки.jpg
https://iecho.ru/img/materials/Синтетическая-бумага.jpg,image,/img/materials/Синтетическая-бумага.jpg,Синтетическая-бумага.jpg
https://iecho.ru/img/materials/Сотовые-материалы.jpg,image,/img/materials/Сотовые-материалы.jpg,Сотовые-материалы.jpg
https://iecho.ru/img/materials/Сэндвич-полистирол.jpg,image,/img/materials/Сэндвич-полистирол.jpg,Сэндвич-полистирол.jpg
https://iecho.ru/img/materials/Текстиль.jpg,image,/img/materials/Текстиль.jpg,Текстиль.jpg
https://iecho.ru/img/menu-mini-img/glsc-mini.jpg,image,/img/menu-mini-img/glsc-mini.jpg,glsc-mini.jpg
https://iecho.ru/img/menu-mini-img/iECHO-LCKS-mini.jpg,image,/img/menu-mini-img/iECHO-LCKS-mini.jpg,iECHO-LCKS-mini.jpg
https://iecho.ru/img/menu-mini-img/iecho-complexes-menu-mini-img.jpg,image,/img/menu-mini-img/iecho-complexes-menu-mini-img.jpg,iecho-complexes-menu-mini-img.jpg
https://iecho.ru/img/menu-mini-img/pk-mini.jpg,image,/img/menu-mini-img/pk-mini.jpg,pk-mini.jpg
https://iecho.ru/img/menu-mini-img/spare-parts-mini.jpg,image,/img/menu-mini-img/spare-parts-mini.jpg,spare-parts-mini.jpg
https://iecho.ru/img/other/mill-module-iecho-small.png,image,/img/other/mill-module-iecho-small.png,mill-module-iecho-small.png
https://iecho.ru/img/other/stand/stand-1.jpg,image,/img/other/stand/stand-1.jpg,stand-1.jpg
https://iecho.ru/img/other/stand/stand-2.jpg,image,/img/other/stand/stand-2.jpg,stand-2.jpg
https://iecho.ru/img/other/stand/stand-3.jpg,image,/img/other/stand/stand-3.jpg,stand-3.jpg
https://iecho.ru/img/other/stand/stand-4.jpg,image,/img/other/stand/stand-4.jpg,stand-4.jpg
https://iecho.ru/img/pk-application-icons/dashboard.png,image,/img/pk-application-icons/dashboard.png,dashboard.png
https://iecho.ru/img/pk-application-icons/folder.png,image,/img/pk-application-icons/folder.png,folder.png
https://iecho.ru/img/pk-application-icons/package.png,image,/img/pk-application-icons/package.png,package.png
https://iecho.ru/img/pk-application-icons/pos.png,image,/img/pk-application-icons/pos.png,pos.png
https://iecho.ru/img/pk-application-icons/sign.png,image,/img/pk-application-icons/sign.png,sign.png
https://iecho.ru/img/pk-application-icons/sticker.png,image,/img/pk-application-icons/sticker.png,sticker.png
https://iecho.ru/img/pk-big-view,image,/img/pk-big-view,pk-big-view
https://iecho.ru/img/pk-other/iecho-pk-top-photo,image,/img/pk-other/iecho-pk-top-photo,iecho-pk-top-photo
https://iecho.ru/img/scheme-27-(1)(1).png,image,/img/scheme-27-(1)(1).png,scheme-27-(1)(1).png
https://iecho.ru/img/small-additional-images/iECHO-GLSC-additional.jpg,image,/img/small-additional-images/iECHO-GLSC-additional.jpg,iECHO-GLSC-additional.jpg
https://iecho.ru/img/small-additional-images/iECHO-PK-additional.jpg,image,/img/small-additional-images/iECHO-PK-additional.jpg,iECHO-PK-additional.jpg
https://iecho.ru/img/smart-map.png,image,/img/smart-map.png,smart-map.png
https://iecho.ru/img/smart-t_logo.svg,image,/img/smart-t_logo.svg,smart-t_logo.svg
https://iecho.ru/img/social/cancel-menu.svg,image,/img/social/cancel-menu.svg,cancel-menu.svg
https://iecho.ru/img/social/colorful/RUTUBE_white_color_circle.svg,image,/img/social/colorful/RUTUBE_white_color_circle.svg,RUTUBE_white_color_circle.svg
https://iecho.ru/img/social/colorful/facebook.svg,image,/img/social/colorful/facebook.svg,facebook.svg
https://iecho.ru/img/social/colorful/instagram.svg,image,/img/social/colorful/instagram.svg,instagram.svg
https://iecho.ru/img/social/colorful/telegram.svg,image,/img/social/colorful/telegram.svg,telegram.svg
https://iecho.ru/img/social/colorful/vk.svg,image,/img/social/colorful/vk.svg,vk.svg
https://iecho.ru/img/social/colorful/youtube.svg,image,/img/social/colorful/youtube.svg,youtube.svg
https://iecho.ru/img/social/mobile-menu-switcher.svg,image,/img/social/mobile-menu-switcher.svg,mobile-menu-switcher.svg
https://iecho.ru/img/tab-features/iknow.jpg,image,/img/tab-features/iknow.jpg,iknow.jpg
https://iecho.ru/img/tab-features/Автоматическая,image,/img/tab-features/Автоматическая,Автоматическая
https://iecho.ru/img/tab-features/Дополнительный,image,/img/tab-features/Дополнительный,Дополнительный
https://iecho.ru/img/tab-features/Система,image,/img/tab-features/Система,Система
https://iecho.ru/img/tab-features/Системы,image,/img/tab-features/Системы,Системы
https://iecho.ru/img/tab-features/Устройства-подачи-материалов.jpg,image,/img/tab-features/Устройства-подачи-материалов.jpg,Устройства-подачи-материалов.jpg
https://iecho.ru/img/tab-features/система-проецирования.jpg,image,/img/tab-features/система-проецирования.jpg,система-проецирования.jpg
https://iecho.ru/img/universal-module-iecho.png,image,/img/universal-module-iecho.png,universal-module-iecho.png
https://iecho.ru/img/Возможность,image,/img/Возможность,Возможность
https://iecho.ru/img/Модуль,image,/img/Модуль,Модуль
https://iecho.ru/img/Основание,image,/img/Основание,Основание
https://iecho.ru/img/блок,image,/img/блок,блок
https://iecho.ru/img/настилочные-столы-с-конвейером.jpg,image,/img/настилочные-столы-с-конвейером.jpg,настилочные-столы-с-конвейером.jpg
https://iecho.ru/img\construct\AKI.jpg,image,/img\construct\AKI.jpg,img\construct\AKI.jpg
https://iecho.ru/img\construct\c.jpg,image,/img\construct\c.jpg,img\construct\c.jpg
https://iecho.ru/img\construct\drive.jpg,image,/img\construct\drive.jpg,img\construct\drive.jpg
https://iecho.ru/img\construct\portals.jpg,image,/img\construct\portals.jpg,img\construct\portals.jpg
https://iecho.ru/img\construct\safety-device.jpg,image,/img\construct\safety-device.jpg,img\construct\safety-device.jpg
https://iecho.ru/img\construct\vacuum.jpg,image,/img\construct\vacuum.jpg,img\construct\vacuum.jpg
https://iecho.ru/img\construct\Система--оптического-позиционирования.jpg,image,/img\construct\Система--оптического-позиционирования.jpg,img\construct\Система--оптического-позиционирования.jpg
https://iecho.ru/img\pk-other\QR.jpg,image,/img\pk-other\QR.jpg,img\pk-other\QR.jpg
https://iecho.ru/img\pk-other\actuator.jpg,image,/img\pk-other\actuator.jpg,img\pk-other\actuator.jpg
https://iecho.ru/img\pk-other\carriage.jpg,image,/img\pk-other\carriage.jpg,img\pk-other\carriage.jpg
https://iecho.ru/img\pk-other\ccd_.jpg,image,/img\pk-other\ccd_.jpg,img\pk-other\ccd_.jpg
https://iecho.ru/img\pk-other\comp.jpg,image,/img\pk-other\comp.jpg,img\pk-other\comp.jpg
https://iecho.ru/img\pk-other\instr.jpg,image,/img\pk-other\instr.jpg,img\pk-other\instr.jpg
https://iecho.ru/img\pk-other\software.jpg,image,/img\pk-other\software.jpg,img\pk-other\software.jpg
https://iecho.ru/img\pk-other\sys.jpg,image,/img\pk-other\sys.jpg,img\pk-other\sys.jpg
https://iecho.ru/img\pk-other\vane.jpg,image,/img\pk-other\vane.jpg,img\pk-other\vane.jpg
https://iecho.ru/installations-script.js,js,/installations-script.js,installations-script.js
https://iecho.ru/installations.css,css,/installations.css,installations.css
https://iecho.ru/js/scriptsiecho.min.js,js,/js/scriptsiecho.min.js,scriptsiecho.min.js
https://iecho.ru/libs/contact.js,js,/libs/contact.js,contact.js
https://iecho.ru/libs/jquery.lazy.min.js,js,/libs/jquery.lazy.min.js,jquery.lazy.min.js
https://iecho.ru/libs/jquery/dist/jquery.min.js,js,/libs/jquery/dist/jquery.min.js,jquery.min.js
https://iecho.ru/libs/lazyYT-min.js,js,/libs/lazyYT-min.js,lazyYT-min.js
https://iecho.ru/libs/magnific_Pop-min.js,js,/libs/magnific_Pop-min.js,magnific_Pop-min.js
https://iecho.ru/libs/slick-lightbox-min.js,js,/libs/slick-lightbox-min.js,slick-lightbox-min.js
https://iecho.ru/libs/slick.min.js,js,/libs/slick.min.js,slick.min.js
https://iecho.ru/libs/validator.min.js,js,/libs/validator.min.js,validator.min.js
https://iecho.ru/optimized-json.js,js,/optimized-json.js,optimized-json.js
https://iecho.ru/policy.pdf,pdf,/policy.pdf,policy.pdf
https://mc.yandex.ru/watch/66079705,image,/watch/66079705,66079705
https://www.facebook.com/tr?id=172722577400621&ev=PageView&noscript=1,image,/tr,tr
