file,anchor_href,anchor_text
iecho-bk_tk.php.html,#iechobk1,iECHO BK1
iecho-bk_tk.php.html,#iechobk3,iECHO BK3
iecho-bk_tk.php.html,#iechobk4,iECHO BK4
iecho-bk_tk.php.html,#iechotk4s,iECHO TK4S
iecho-bk_tk.php.html,#iechosk2,iECHO SK2
iecho-bk_tk.php.html,#tech-character,Характеристики
iecho-bk_tk.php.html,#materials,Материалы
iecho-bk_tk.php.html,#instruments,Инструменты
iecho-bk_tk.php.html,#options,Опции
iecho-bk_tk.php.html,#video,Видео
iecho-bk_tk.php.html,#demozal,Демозал
iecho-bk_tk.php.html,#bk_tk-installations,Инсталляции
iecho-bk_tk.php.html,#contacts,Контакты
iecho-bk_tk.php.html,#magnific-pop-up-contact-form,Задать вопрос
iecho-bk_tk.php.html,#magnific-pop-up-contact-form,Узнать цену
iecho-bk_tk.php.html,#instalment-popup,Покупка в рассрочку
iecho-bk_tk.php.html,#magnific-pop-up-contact-form,Получить цену на iECHO BK1
iecho-bk_tk.php.html,#magnific-pop-up-contact-form,Получить цену на iECHO BK3
iecho-bk_tk.php.html,#magnific-pop-up-contact-form,Получить цену на iECHO BK4
iecho-bk_tk.php.html,#magnific-pop-up-contact-form,Получить цену на iECHO TK4S
iecho-bk_tk.php.html,#magnific-pop-up-contact-form,Получить цену на iECHO SK2
iecho-bk_tk.php.html,#magnific-pop-up-contact-form,Подобрать оборудование
iecho-gls.php.html,#magnific-pop-up-contact-form,Задать вопрос
iecho-gls.php.html,#magnific-pop-up-contact-form,Узнать цену
iecho-gls.php.html,#instalment-popup,Покупка в рассрочку
iecho-gls.php.html,#magnific-pop-up-contact-form,Подобрать оборудование
iecho-gls.php.html,#magnific-pop-up-contact-form,Обсудить проект
iecho-lcks.php.html,#magnific-pop-up-contact-form,Задать вопрос
iecho-lcks.php.html,#magnific-pop-up-contact-form,Узнать цену
iecho-lcks.php.html,#magnific-pop-up-contact-form,Запрос цены
iecho-pk.php.html,#osobennosti,Особенности
iecho-pk.php.html,#tech-character,Характеристики
iecho-pk.php.html,#materials,Материалы
iecho-pk.php.html,#video,Видео
iecho-pk.php.html,#distributor,Дистрибьютор
iecho-pk.php.html,#demozal,Демозал
iecho-pk.php.html,#pk-installations,Инсталляции
iecho-pk.php.html,#contacts,Контакты
iecho-pk.php.html,#magnific-pop-up-contact-form,Задать вопрос
iecho-pk.php.html,#magnific-pop-up-contact-form,Узнать цену
iecho-pk.php.html,#instalment-popup,Покупка в рассрочку
iecho-pk.php.html,#magnific-pop-up-contact-form,Подобрать оборудование
iecho-pk.php.html,#magnific-pop-up-contact-form,Обсудить проект
index.php.html,#magnific-pop-up-contact-form,Задать вопрос
index.php.html,#magnific-pop-up-contact-form,Подобрать оборудование
installations.php.html,#magnific-pop-up-contact-form,Задать вопрос
root.html,#magnific-pop-up-contact-form,Задать вопрос
root.html,#magnific-pop-up-contact-form,Подобрать оборудование
